website,code,name,category
https://quote.eastmoney.com/unify/r/0.000586,586,汇源通信,通信设备
https://quote.eastmoney.com/unify/r/0.300504,300504,天邑股份,通信设备
https://quote.eastmoney.com/unify/r/0.300414,300414,中光防雷,通信设备
https://quote.eastmoney.com/unify/r/0.000810,810,创维数字,通信设备
https://quote.eastmoney.com/unify/r/0.300101,300101,振芯科技,通信设备
https://quote.eastmoney.com/unify/r/0.002935,2935,天奥电子,通信设备
https://quote.eastmoney.com/unify/r/1.688311,688311,盟升电子,通信设备
https://quote.eastmoney.com/unify/r/0.002977,2977,天箭科技,通信设备
https://quote.eastmoney.com/unify/r/0.300502,300502,新易盛,通信设备
