website,code,name,category,dataweb,executive_link,company_link
https://quote.eastmoney.com/unify/r/0.002466,2466,天齐锂业,能源金属,https://data.eastmoney.com/stockdata/002466.html,https://emweb.securities.eastmoney.com/pc_hsf10/pages/index.html?type=web&code=SZ002466&color=b#/gsgg,https://emweb.securities.eastmoney.com/pc_hsf10/pages/index.html?type=web&code=SZ002466&color=b#/gsgk
https://quote.eastmoney.com/unify/r/0.000598,598,兴蓉环境,公用事业,https://data.eastmoney.com/stockdata/000598.html,https://emweb.securities.eastmoney.com/pc_hsf10/pages/index.html?type=web&code=SZ000598&color=b#/gsgg,https://emweb.securities.eastmoney.com/pc_hsf10/pages/index.html?type=web&code=SZ000598&color=b#/gsgk
https://quote.eastmoney.com/unify/r/1.601838,601838,成都银行,银行,https://data.eastmoney.com/stockdata/601838.html,https://emweb.securities.eastmoney.com/pc_hsf10/pages/index.html?type=web&code=SH601838&color=b#/gsgg,https://emweb.securities.eastmoney.com/pc_hsf10/pages/index.html?type=web&code=SH601838&color=b#/gsgk
https://quote.eastmoney.com/unify/r/0.002312,2312,川发龙蟒,化肥行业,https://data.eastmoney.com/stockdata/002312.html,https://emweb.securities.eastmoney.com/pc_hsf10/pages/index.html?type=web&code=SZ002312&color=b#/gsgg,https://emweb.securities.eastmoney.com/pc_hsf10/pages/index.html?type=web&code=SZ002312&color=b#/gsgk
https://quote.eastmoney.com/unify/r/0.300841,300841,康华生物,生物制品,https://data.eastmoney.com/stockdata/300841.html,https://emweb.securities.eastmoney.com/pc_hsf10/pages/index.html?type=web&code=SZ300841&color=b#/gsgg,https://emweb.securities.eastmoney.com/pc_hsf10/pages/index.html?type=web&code=SZ300841&color=b#/gsgk
https://quote.eastmoney.com/unify/r/1.600603,600603,广汇物流,物流行业,https://data.eastmoney.com/stockdata/600603.html,https://emweb.securities.eastmoney.com/pc_hsf10/pages/index.html?type=web&code=SH600603&color=b#/gsgg,https://emweb.securities.eastmoney.com/pc_hsf10/pages/index.html?type=web&code=SH600603&color=b#/gsgk
https://quote.eastmoney.com/unify/r/0.000876,876,新 希 望,农牧饲渔,https://data.eastmoney.com/stockdata/000876.html,https://emweb.securities.eastmoney.com/pc_hsf10/pages/index.html?type=web&code=SZ000876&color=b#/gsgg,https://emweb.securities.eastmoney.com/pc_hsf10/pages/index.html?type=web&code=SZ000876&color=b#/gsgk
https://quote.eastmoney.com/unify/r/1.601208,601208,东材科技,塑料制品,https://data.eastmoney.com/stockdata/601208.html,https://emweb.securities.eastmoney.com/pc_hsf10/pages/index.html?type=web&code=SH601208&color=b#/gsgg,https://emweb.securities.eastmoney.com/pc_hsf10/pages/index.html?type=web&code=SH601208&color=b#/gsgk
https://quote.eastmoney.com/unify/r/0.000568,568,泸州老窖,酿酒行业,https://data.eastmoney.com/stockdata/000568.html,https://emweb.securities.eastmoney.com/pc_hsf10/pages/index.html?type=web&code=SZ000568&color=b#/gsgg,https://emweb.securities.eastmoney.com/pc_hsf10/pages/index.html?type=web&code=SZ000568&color=b#/gsgk
https://quote.eastmoney.com/unify/r/0.000155,155,川能动力,电力行业,https://data.eastmoney.com/stockdata/000155.html,https://emweb.securities.eastmoney.com/pc_hsf10/pages/index.html?type=web&code=SZ000155&color=b#/gsgg,https://emweb.securities.eastmoney.com/pc_hsf10/pages/index.html?type=web&code=SZ000155&color=b#/gsgk
https://quote.eastmoney.com/unify/r/1.600039,600039,四川路桥,工程建设,https://data.eastmoney.com/stockdata/600039.html,https://emweb.securities.eastmoney.com/pc_hsf10/pages/index.html?type=web&code=SH600039&color=b#/gsgg,https://emweb.securities.eastmoney.com/pc_hsf10/pages/index.html?type=web&code=SH600039&color=b#/gsgk
https://quote.eastmoney.com/unify/r/0.000858,858,五 粮 液,酿酒行业,https://data.eastmoney.com/stockdata/000858.html,https://emweb.securities.eastmoney.com/pc_hsf10/pages/index.html?type=web&code=SZ000858&color=b#/gsgg,https://emweb.securities.eastmoney.com/pc_hsf10/pages/index.html?type=web&code=SZ000858&color=b#/gsgk
https://quote.eastmoney.com/unify/r/0.002697,2697,红旗连锁,商业百货,https://data.eastmoney.com/stockdata/002697.html,https://emweb.securities.eastmoney.com/pc_hsf10/pages/index.html?type=web&code=SZ002697&color=b#/gsgg,https://emweb.securities.eastmoney.com/pc_hsf10/pages/index.html?type=web&code=SZ002697&color=b#/gsgk
https://quote.eastmoney.com/unify/r/1.688709,688709,成都华微,半导体,https://data.eastmoney.com/stockdata/688709.html,https://emweb.securities.eastmoney.com/pc_hsf10/pages/index.html?type=web&code=SH688709&color=b#/gsgg,https://emweb.securities.eastmoney.com/pc_hsf10/pages/index.html?type=web&code=SH688709&color=b#/gsgk
https://quote.eastmoney.com/unify/r/0.000688,688,国城矿业,有色金属,https://data.eastmoney.com/stockdata/000688.html,https://emweb.securities.eastmoney.com/pc_hsf10/pages/index.html?type=web&code=SZ000688&color=b#/gsgg,https://emweb.securities.eastmoney.com/pc_hsf10/pages/index.html?type=web&code=SZ000688&color=b#/gsgk
https://quote.eastmoney.com/unify/r/0.002497,2497,雅化集团,化学制品,https://data.eastmoney.com/stockdata/002497.html,https://emweb.securities.eastmoney.com/pc_hsf10/pages/index.html?type=web&code=SZ002497&color=b#/gsgg,https://emweb.securities.eastmoney.com/pc_hsf10/pages/index.html?type=web&code=SZ002497&color=b#/gsgk
https://quote.eastmoney.com/unify/r/0.301050,301050,雷电微力,半导体,https://data.eastmoney.com/stockdata/301050.html,https://emweb.securities.eastmoney.com/pc_hsf10/pages/index.html?type=web&code=SZ301050&color=b#/gsgg,https://emweb.securities.eastmoney.com/pc_hsf10/pages/index.html?type=web&code=SZ301050&color=b#/gsgk
https://quote.eastmoney.com/unify/r/1.600793,600793,宜宾纸业,造纸印刷,https://data.eastmoney.com/stockdata/600793.html,https://emweb.securities.eastmoney.com/pc_hsf10/pages/index.html?type=web&code=SH600793&color=b#/gsgg,https://emweb.securities.eastmoney.com/pc_hsf10/pages/index.html?type=web&code=SH600793&color=b#/gsgk
https://quote.eastmoney.com/unify/r/1.688302,688302,海创药业...,生物制品,https://data.eastmoney.com/stockdata/688302.html,https://emweb.securities.eastmoney.com/pc_hsf10/pages/index.html?type=web&code=SH688302&color=b#/gsgg,https://emweb.securities.eastmoney.com/pc_hsf10/pages/index.html?type=web&code=SH688302&color=b#/gsgk
https://quote.eastmoney.com/unify/r/1.688283,688283,坤恒顺维,专用设备,https://data.eastmoney.com/stockdata/688283.html,https://emweb.securities.eastmoney.com/pc_hsf10/pages/index.html?type=web&code=SH688283&color=b#/gsgg,https://emweb.securities.eastmoney.com/pc_hsf10/pages/index.html?type=web&code=SH688283&color=b#/gsgk
https://quote.eastmoney.com/unify/r/0.300425,300425,中建环能,环保行业,https://data.eastmoney.com/stockdata/300425.html,https://emweb.securities.eastmoney.com/pc_hsf10/pages/index.html?type=web&code=SZ300425&color=b#/gsgg,https://emweb.securities.eastmoney.com/pc_hsf10/pages/index.html?type=web&code=SZ300425&color=b#/gsgk
https://quote.eastmoney.com/unify/r/1.603477,603477,巨星农牧,农牧饲渔,https://data.eastmoney.com/stockdata/603477.html,https://emweb.securities.eastmoney.com/pc_hsf10/pages/index.html?type=web&code=SH603477&color=b#/gsgg,https://emweb.securities.eastmoney.com/pc_hsf10/pages/index.html?type=web&code=SH603477&color=b#/gsgk
https://quote.eastmoney.com/unify/r/1.688222,688222,成都先导,医疗服务,https://data.eastmoney.com/stockdata/688222.html,https://emweb.securities.eastmoney.com/pc_hsf10/pages/index.html?type=web&code=SH688222&color=b#/gsgg,https://emweb.securities.eastmoney.com/pc_hsf10/pages/index.html?type=web&code=SH688222&color=b#/gsgk
https://quote.eastmoney.com/unify/r/1.600391,600391,航发科技,航天航空,https://data.eastmoney.com/stockdata/600391.html,https://emweb.securities.eastmoney.com/pc_hsf10/pages/index.html?type=web&code=SH600391&color=b#/gsgg,https://emweb.securities.eastmoney.com/pc_hsf10/pages/index.html?type=web&code=SH600391&color=b#/gsgk
https://quote.eastmoney.com/unify/r/0.002539,2539,云图控股,化肥行业,https://data.eastmoney.com/stockdata/002539.html,https://emweb.securities.eastmoney.com/pc_hsf10/pages/index.html?type=web&code=SZ002539&color=b#/gsgg,https://emweb.securities.eastmoney.com/pc_hsf10/pages/index.html?type=web&code=SZ002539&color=b#/gsgk
https://quote.eastmoney.com/unify/r/0.002749,2749,国光股份,农药兽药,https://data.eastmoney.com/stockdata/002749.html,https://emweb.securities.eastmoney.com/pc_hsf10/pages/index.html?type=web&code=SZ002749&color=b#/gsgg,https://emweb.securities.eastmoney.com/pc_hsf10/pages/index.html?type=web&code=SZ002749&color=b#/gsgk
https://quote.eastmoney.com/unify/r/1.603053,603053,成都燃气,燃气,https://data.eastmoney.com/stockdata/603053.html,https://emweb.securities.eastmoney.com/pc_hsf10/pages/index.html?type=web&code=SH603053&color=b#/gsgg,https://emweb.securities.eastmoney.com/pc_hsf10/pages/index.html?type=web&code=SH603053&color=b#/gsgk
https://quote.eastmoney.com/unify/r/0.000593,593,德龙汇能,燃气,https://data.eastmoney.com/stockdata/000593.html,https://emweb.securities.eastmoney.com/pc_hsf10/pages/index.html?type=web&code=SZ000593&color=b#/gsgg,https://emweb.securities.eastmoney.com/pc_hsf10/pages/index.html?type=web&code=SZ000593&color=b#/gsgk
https://quote.eastmoney.com/unify/r/0.300937,300937,药易购,医药商业,https://data.eastmoney.com/stockdata/300937.html,https://emweb.securities.eastmoney.com/pc_hsf10/pages/index.html?type=web&code=SZ300937&color=b#/gsgg,https://emweb.securities.eastmoney.com/pc_hsf10/pages/index.html?type=web&code=SZ300937&color=b#/gsgk
https://quote.eastmoney.com/unify/r/0.301239,301239,普瑞眼科,医疗服务,https://data.eastmoney.com/stockdata/301239.html,https://emweb.securities.eastmoney.com/pc_hsf10/pages/index.html?type=web&code=SZ301239&color=b#/gsgg,https://emweb.securities.eastmoney.com/pc_hsf10/pages/index.html?type=web&code=SZ301239&color=b#/gsgk
https://quote.eastmoney.com/unify/r/0.002190,2190,成飞集成,汽车零部件,https://data.eastmoney.com/stockdata/002190.html,https://emweb.securities.eastmoney.com/pc_hsf10/pages/index.html?type=web&code=SZ002190&color=b#/gsgg,https://emweb.securities.eastmoney.com/pc_hsf10/pages/index.html?type=web&code=SZ002190&color=b#/gsgk
https://quote.eastmoney.com/unify/r/0.300987,300987,川网传媒,文化传媒,https://data.eastmoney.com/stockdata/300987.html,https://emweb.securities.eastmoney.com/pc_hsf10/pages/index.html?type=web&code=SZ300987&color=b#/gsgg,https://emweb.securities.eastmoney.com/pc_hsf10/pages/index.html?type=web&code=SZ300987&color=b#/gsgk
https://quote.eastmoney.com/unify/r/1.600331,600331,宏达股份,有色金属,https://data.eastmoney.com/stockdata/600331.html,https://emweb.securities.eastmoney.com/pc_hsf10/pages/index.html?type=web&code=SH600331&color=b#/gsgg,https://emweb.securities.eastmoney.com/pc_hsf10/pages/index.html?type=web&code=SH600331&color=b#/gsgk
https://quote.eastmoney.com/unify/r/0.300535,300535,达威股份,化学制品,https://data.eastmoney.com/stockdata/300535.html,https://emweb.securities.eastmoney.com/pc_hsf10/pages/index.html?type=web&code=SZ300535&color=b#/gsgg,https://emweb.securities.eastmoney.com/pc_hsf10/pages/index.html?type=web&code=SZ300535&color=b#/gsgk
https://quote.eastmoney.com/unify/r/0.002951,2951,*ST金时,包装材料,https://data.eastmoney.com/stockdata/002951.html,https://emweb.securities.eastmoney.com/pc_hsf10/pages/index.html?type=web&code=SZ002951&color=b#/gsgg,https://emweb.securities.eastmoney.com/pc_hsf10/pages/index.html?type=web&code=SZ002951&color=b#/gsgk
https://quote.eastmoney.com/unify/r/0.300463,300463,迈克生物,医疗器械,https://data.eastmoney.com/stockdata/300463.html,https://emweb.securities.eastmoney.com/pc_hsf10/pages/index.html?type=web&code=SZ300463&color=b#/gsgg,https://emweb.securities.eastmoney.com/pc_hsf10/pages/index.html?type=web&code=SZ300463&color=b#/gsgk
https://quote.eastmoney.com/unify/r/0.002798,2798,帝欧家居,装修建材,https://data.eastmoney.com/stockdata/002798.html,https://emweb.securities.eastmoney.com/pc_hsf10/pages/index.html?type=web&code=SZ002798&color=b#/gsgg,https://emweb.securities.eastmoney.com/pc_hsf10/pages/index.html?type=web&code=SZ002798&color=b#/gsgk
https://quote.eastmoney.com/unify/r/0.002259,2259,ST升达,燃气,https://data.eastmoney.com/stockdata/002259.html,https://emweb.securities.eastmoney.com/pc_hsf10/pages/index.html?type=web&code=SZ002259&color=b#/gsgg,https://emweb.securities.eastmoney.com/pc_hsf10/pages/index.html?type=web&code=SZ002259&color=b#/gsgk
https://quote.eastmoney.com/unify/r/1.600779,600779,水井坊,酿酒行业,https://data.eastmoney.com/stockdata/600779.html,https://emweb.securities.eastmoney.com/pc_hsf10/pages/index.html?type=web&code=SH600779&color=b#/gsgg,https://emweb.securities.eastmoney.com/pc_hsf10/pages/index.html?type=web&code=SH600779&color=b#/gsgk
https://quote.eastmoney.com/unify/r/0.000586,586,汇源通信,通信设备,https://data.eastmoney.com/stockdata/000586.html,https://emweb.securities.eastmoney.com/pc_hsf10/pages/index.html?type=web&code=SZ000586&color=b#/gsgg,https://emweb.securities.eastmoney.com/pc_hsf10/pages/index.html?type=web&code=SZ000586&color=b#/gsgk
https://quote.eastmoney.com/unify/r/1.688528,688528,秦川物联,仪器仪表,https://data.eastmoney.com/stockdata/688528.html,https://emweb.securities.eastmoney.com/pc_hsf10/pages/index.html?type=web&code=SH688528&color=b#/gsgg,https://emweb.securities.eastmoney.com/pc_hsf10/pages/index.html?type=web&code=SH688528&color=b#/gsgk
https://quote.eastmoney.com/unify/r/1.688776,688776,国光电气,电子元件,https://data.eastmoney.com/stockdata/688776.html,https://emweb.securities.eastmoney.com/pc_hsf10/pages/index.html?type=web&code=SH688776&color=b#/gsgg,https://emweb.securities.eastmoney.com/pc_hsf10/pages/index.html?type=web&code=SH688776&color=b#/gsgk
https://quote.eastmoney.com/unify/r/1.688070,688070,纵横股份,航天航空,https://data.eastmoney.com/stockdata/688070.html,https://emweb.securities.eastmoney.com/pc_hsf10/pages/index.html?type=web&code=SH688070&color=b#/gsgg,https://emweb.securities.eastmoney.com/pc_hsf10/pages/index.html?type=web&code=SH688070&color=b#/gsgk
https://quote.eastmoney.com/unify/r/0.002480,2480,新筑股份,通用设备,https://data.eastmoney.com/stockdata/002480.html,https://emweb.securities.eastmoney.com/pc_hsf10/pages/index.html?type=web&code=SZ002480&color=b#/gsgg,https://emweb.securities.eastmoney.com/pc_hsf10/pages/index.html?type=web&code=SZ002480&color=b#/gsgk
https://quote.eastmoney.com/unify/r/0.002978,2978,安宁股份,有色金属,https://data.eastmoney.com/stockdata/002978.html,https://emweb.securities.eastmoney.com/pc_hsf10/pages/index.html?type=web&code=SZ002978&color=b#/gsgg,https://emweb.securities.eastmoney.com/pc_hsf10/pages/index.html?type=web&code=SZ002978&color=b#/gsgk
https://quote.eastmoney.com/unify/r/1.603333,603333,尚纬股份,电网设备,https://data.eastmoney.com/stockdata/603333.html,https://emweb.securities.eastmoney.com/pc_hsf10/pages/index.html?type=web&code=SH603333&color=b#/gsgg,https://emweb.securities.eastmoney.com/pc_hsf10/pages/index.html?type=web&code=SH603333&color=b#/gsgk
https://quote.eastmoney.com/unify/r/0.300504,300504,天邑股份,通信设备,https://data.eastmoney.com/stockdata/300504.html,https://emweb.securities.eastmoney.com/pc_hsf10/pages/index.html?type=web&code=SZ300504&color=b#/gsgg,https://emweb.securities.eastmoney.com/pc_hsf10/pages/index.html?type=web&code=SZ300504&color=b#/gsgk
https://quote.eastmoney.com/unify/r/1.688319,688319,欧林生物,生物制品,https://data.eastmoney.com/stockdata/688319.html,https://emweb.securities.eastmoney.com/pc_hsf10/pages/index.html?type=web&code=SH688319&color=b#/gsgg,https://emweb.securities.eastmoney.com/pc_hsf10/pages/index.html?type=web&code=SH688319&color=b#/gsgk
https://quote.eastmoney.com/unify/r/0.836675,836675,秉扬科技,未知,https://data.eastmoney.com/stockdata/836675.html,https://emweb.securities.eastmoney.com/pc_hsf10/pages/index.html?type=web&code=BJ836675&color=b#/gsgg,https://emweb.securities.eastmoney.com/pc_hsf10/pages/index.html?type=web&code=BJ836675&color=b#/gsgk
https://quote.eastmoney.com/unify/r/0.836260,836260,中寰股份,未知,https://data.eastmoney.com/stockdata/836260.html,https://emweb.securities.eastmoney.com/pc_hsf10/pages/index.html?type=web&code=BJ836260&color=b#/gsgg,https://emweb.securities.eastmoney.com/pc_hsf10/pages/index.html?type=web&code=BJ836260&color=b#/gsgk
https://quote.eastmoney.com/unify/r/0.833943,833943,优机股份,未知,https://data.eastmoney.com/stockdata/833943.html,https://emweb.securities.eastmoney.com/pc_hsf10/pages/index.html?type=web&code=BJ833943&color=b#/gsgg,https://emweb.securities.eastmoney.com/pc_hsf10/pages/index.html?type=web&code=BJ833943&color=b#/gsgk
https://quote.eastmoney.com/unify/r/0.832566,832566,梓橦宫,未知,https://data.eastmoney.com/stockdata/832566.html,https://emweb.securities.eastmoney.com/pc_hsf10/pages/index.html?type=web&code=BJ832566&color=b#/gsgg,https://emweb.securities.eastmoney.com/pc_hsf10/pages/index.html?type=web&code=BJ832566&color=b#/gsgk
https://quote.eastmoney.com/unify/r/0.301336,301336,趣睡科技,家用轻工,https://data.eastmoney.com/stockdata/301336.html,https://emweb.securities.eastmoney.com/pc_hsf10/pages/index.html?type=web&code=SZ301336&color=b#/gsgg,https://emweb.securities.eastmoney.com/pc_hsf10/pages/index.html?type=web&code=SZ301336&color=b#/gsgk
https://quote.eastmoney.com/unify/r/1.603759,603759,海天股份,公用事业,https://data.eastmoney.com/stockdata/603759.html,https://emweb.securities.eastmoney.com/pc_hsf10/pages/index.html?type=web&code=SH603759&color=b#/gsgg,https://emweb.securities.eastmoney.com/pc_hsf10/pages/index.html?type=web&code=SH603759&color=b#/gsgk
https://quote.eastmoney.com/unify/r/0.000935,935,四川双马,水泥建材,https://data.eastmoney.com/stockdata/000935.html,https://emweb.securities.eastmoney.com/pc_hsf10/pages/index.html?type=web&code=SZ000935&color=b#/gsgg,https://emweb.securities.eastmoney.com/pc_hsf10/pages/index.html?type=web&code=SZ000935&color=b#/gsgk
https://quote.eastmoney.com/unify/r/0.301256,301256,华融化学,化学原料,https://data.eastmoney.com/stockdata/301256.html,https://emweb.securities.eastmoney.com/pc_hsf10/pages/index.html?type=web&code=SZ301256&color=b#/gsgg,https://emweb.securities.eastmoney.com/pc_hsf10/pages/index.html?type=web&code=SZ301256&color=b#/gsgk
https://quote.eastmoney.com/unify/r/0.002630,2630,华西能源,电源设备,https://data.eastmoney.com/stockdata/002630.html,https://emweb.securities.eastmoney.com/pc_hsf10/pages/index.html?type=web&code=SZ002630&color=b#/gsgg,https://emweb.securities.eastmoney.com/pc_hsf10/pages/index.html?type=web&code=SZ002630&color=b#/gsgk
https://quote.eastmoney.com/unify/r/1.688737,688737,中自科技,化学制品,https://data.eastmoney.com/stockdata/688737.html,https://emweb.securities.eastmoney.com/pc_hsf10/pages/index.html?type=web&code=SH688737&color=b#/gsgg,https://emweb.securities.eastmoney.com/pc_hsf10/pages/index.html?type=web&code=SH688737&color=b#/gsgk
https://quote.eastmoney.com/unify/r/0.002651,2651,利君股份,专用设备,https://data.eastmoney.com/stockdata/002651.html,https://emweb.securities.eastmoney.com/pc_hsf10/pages/index.html?type=web&code=SZ002651&color=b#/gsgg,https://emweb.securities.eastmoney.com/pc_hsf10/pages/index.html?type=web&code=SZ002651&color=b#/gsgk
https://quote.eastmoney.com/unify/r/0.430425,430425,乐创技术,未知,https://data.eastmoney.com/stockdata/430425.html,https://emweb.securities.eastmoney.com/pc_hsf10/pages/index.html?type=web&code=BJ430425&color=b#/gsgg,https://emweb.securities.eastmoney.com/pc_hsf10/pages/index.html?type=web&code=BJ430425&color=b#/gsgk
https://quote.eastmoney.com/unify/r/0.833781,833781,瑞奇智造,未知,https://data.eastmoney.com/stockdata/833781.html,https://emweb.securities.eastmoney.com/pc_hsf10/pages/index.html?type=web&code=BJ833781&color=b#/gsgg,https://emweb.securities.eastmoney.com/pc_hsf10/pages/index.html?type=web&code=BJ833781&color=b#/gsgk
https://quote.eastmoney.com/unify/r/0.300022,300022,吉峰科技,工程机械,https://data.eastmoney.com/stockdata/300022.html,https://emweb.securities.eastmoney.com/pc_hsf10/pages/index.html?type=web&code=SZ300022&color=b#/gsgg,https://emweb.securities.eastmoney.com/pc_hsf10/pages/index.html?type=web&code=SZ300022&color=b#/gsgk
https://quote.eastmoney.com/unify/r/0.300470,300470,中密控股,通用设备,https://data.eastmoney.com/stockdata/300470.html,https://emweb.securities.eastmoney.com/pc_hsf10/pages/index.html?type=web&code=SZ300470&color=b#/gsgg,https://emweb.securities.eastmoney.com/pc_hsf10/pages/index.html?type=web&code=SZ300470&color=b#/gsgk
https://quote.eastmoney.com/unify/r/0.300432,300432,富临精工,汽车零部件,https://data.eastmoney.com/stockdata/300432.html,https://emweb.securities.eastmoney.com/pc_hsf10/pages/index.html?type=web&code=SZ300432&color=b#/gsgg,https://emweb.securities.eastmoney.com/pc_hsf10/pages/index.html?type=web&code=SZ300432&color=b#/gsgk
https://quote.eastmoney.com/unify/r/1.600137,600137,浪莎股份,纺织服装,https://data.eastmoney.com/stockdata/600137.html,https://emweb.securities.eastmoney.com/pc_hsf10/pages/index.html?type=web&code=SH600137&color=b#/gsgg,https://emweb.securities.eastmoney.com/pc_hsf10/pages/index.html?type=web&code=SH600137&color=b#/gsgk
https://quote.eastmoney.com/unify/r/0.870199,870199,倍益康,未知,https://data.eastmoney.com/stockdata/870199.html,https://emweb.securities.eastmoney.com/pc_hsf10/pages/index.html?type=web&code=BJ870199&color=b#/gsgg,https://emweb.securities.eastmoney.com/pc_hsf10/pages/index.html?type=web&code=BJ870199&color=b#/gsgk
https://quote.eastmoney.com/unify/r/1.600558,600558,大西洋,通用设备,https://data.eastmoney.com/stockdata/600558.html,https://emweb.securities.eastmoney.com/pc_hsf10/pages/index.html?type=web&code=SH600558&color=b#/gsgg,https://emweb.securities.eastmoney.com/pc_hsf10/pages/index.html?type=web&code=SH600558&color=b#/gsgk
https://quote.eastmoney.com/unify/r/0.000509,509,华塑控股,光学光电子,https://data.eastmoney.com/stockdata/000509.html,https://emweb.securities.eastmoney.com/pc_hsf10/pages/index.html?type=web&code=SZ000509&color=b#/gsgg,https://emweb.securities.eastmoney.com/pc_hsf10/pages/index.html?type=web&code=SZ000509&color=b#/gsgk
https://quote.eastmoney.com/unify/r/0.301286,301286,侨源股份,化学原料,https://data.eastmoney.com/stockdata/301286.html,https://emweb.securities.eastmoney.com/pc_hsf10/pages/index.html?type=web&code=SZ301286&color=b#/gsgg,https://emweb.securities.eastmoney.com/pc_hsf10/pages/index.html?type=web&code=SZ301286&color=b#/gsgk
https://quote.eastmoney.com/unify/r/0.300440,300440,运达科技,互联网服务,https://data.eastmoney.com/stockdata/300440.html,https://emweb.securities.eastmoney.com/pc_hsf10/pages/index.html?type=web&code=SZ300440&color=b#/gsgg,https://emweb.securities.eastmoney.com/pc_hsf10/pages/index.html?type=web&code=SZ300440&color=b#/gsgk
https://quote.eastmoney.com/unify/r/0.301515,301515,港通医疗,医疗器械,https://data.eastmoney.com/stockdata/301515.html,https://emweb.securities.eastmoney.com/pc_hsf10/pages/index.html?type=web&code=SZ301515&color=b#/gsgg,https://emweb.securities.eastmoney.com/pc_hsf10/pages/index.html?type=web&code=SZ301515&color=b#/gsgk
https://quote.eastmoney.com/unify/r/0.300865,300865,大宏立,专用设备,https://data.eastmoney.com/stockdata/300865.html,https://emweb.securities.eastmoney.com/pc_hsf10/pages/index.html?type=web&code=SZ300865&color=b#/gsgg,https://emweb.securities.eastmoney.com/pc_hsf10/pages/index.html?type=web&code=SZ300865&color=b#/gsgk
https://quote.eastmoney.com/unify/r/0.300733,300733,西菱动力,汽车零部件,https://data.eastmoney.com/stockdata/300733.html,https://emweb.securities.eastmoney.com/pc_hsf10/pages/index.html?type=web&code=SZ300733&color=b#/gsgg,https://emweb.securities.eastmoney.com/pc_hsf10/pages/index.html?type=web&code=SZ300733&color=b#/gsgk
https://quote.eastmoney.com/unify/r/0.300789,300789,唐源电气,软件开发,https://data.eastmoney.com/stockdata/300789.html,https://emweb.securities.eastmoney.com/pc_hsf10/pages/index.html?type=web&code=SZ300789&color=b#/gsgg,https://emweb.securities.eastmoney.com/pc_hsf10/pages/index.html?type=web&code=SZ300789&color=b#/gsgk
https://quote.eastmoney.com/unify/r/0.301213,301213,观想科技,软件开发,https://data.eastmoney.com/stockdata/301213.html,https://emweb.securities.eastmoney.com/pc_hsf10/pages/index.html?type=web&code=SZ301213&color=b#/gsgg,https://emweb.securities.eastmoney.com/pc_hsf10/pages/index.html?type=web&code=SZ301213&color=b#/gsgk
https://quote.eastmoney.com/unify/r/0.000731,731,四川美丰,化肥行业,https://data.eastmoney.com/stockdata/000731.html,https://emweb.securities.eastmoney.com/pc_hsf10/pages/index.html?type=web&code=SZ000731&color=b#/gsgg,https://emweb.securities.eastmoney.com/pc_hsf10/pages/index.html?type=web&code=SZ000731&color=b#/gsgk
https://quote.eastmoney.com/unify/r/0.002386,2386,天原股份,化学原料,https://data.eastmoney.com/stockdata/002386.html,https://emweb.securities.eastmoney.com/pc_hsf10/pages/index.html?type=web&code=SZ002386&color=b#/gsgg,https://emweb.securities.eastmoney.com/pc_hsf10/pages/index.html?type=web&code=SZ002386&color=b#/gsgk
https://quote.eastmoney.com/unify/r/0.002946,2946,新乳业,食品饮料,https://data.eastmoney.com/stockdata/002946.html,https://emweb.securities.eastmoney.com/pc_hsf10/pages/index.html?type=web&code=SZ002946&color=b#/gsgg,https://emweb.securities.eastmoney.com/pc_hsf10/pages/index.html?type=web&code=SZ002946&color=b#/gsgk
https://quote.eastmoney.com/unify/r/0.003023,3023,彩虹集团,家电行业,https://data.eastmoney.com/stockdata/003023.html,https://emweb.securities.eastmoney.com/pc_hsf10/pages/index.html?type=web&code=SZ003023&color=b#/gsgg,https://emweb.securities.eastmoney.com/pc_hsf10/pages/index.html?type=web&code=SZ003023&color=b#/gsgk
https://quote.eastmoney.com/unify/r/0.300547,300547,川环科技,橡胶制品,https://data.eastmoney.com/stockdata/300547.html,https://emweb.securities.eastmoney.com/pc_hsf10/pages/index.html?type=web&code=SZ300547&color=b#/gsgg,https://emweb.securities.eastmoney.com/pc_hsf10/pages/index.html?type=web&code=SZ300547&color=b#/gsgk
https://quote.eastmoney.com/unify/r/0.000803,803,山高环能,综合行业,https://data.eastmoney.com/stockdata/000803.html,https://emweb.securities.eastmoney.com/pc_hsf10/pages/index.html?type=web&code=SZ000803&color=b#/gsgg,https://emweb.securities.eastmoney.com/pc_hsf10/pages/index.html?type=web&code=SZ000803&color=b#/gsgk
https://quote.eastmoney.com/unify/r/0.000790,790,华神科技,中药,https://data.eastmoney.com/stockdata/000790.html,https://emweb.securities.eastmoney.com/pc_hsf10/pages/index.html?type=web&code=SZ000790&color=b#/gsgg,https://emweb.securities.eastmoney.com/pc_hsf10/pages/index.html?type=web&code=SZ000790&color=b#/gsgk
https://quote.eastmoney.com/unify/r/0.000510,510,新金路,化学原料,https://data.eastmoney.com/stockdata/000510.html,https://emweb.securities.eastmoney.com/pc_hsf10/pages/index.html?type=web&code=SZ000510&color=b#/gsgg,https://emweb.securities.eastmoney.com/pc_hsf10/pages/index.html?type=web&code=SZ000510&color=b#/gsgk
https://quote.eastmoney.com/unify/r/0.300434,300434,金石亚药,化学制药,https://data.eastmoney.com/stockdata/300434.html,https://emweb.securities.eastmoney.com/pc_hsf10/pages/index.html?type=web&code=SZ300434&color=b#/gsgg,https://emweb.securities.eastmoney.com/pc_hsf10/pages/index.html?type=web&code=SZ300434&color=b#/gsgk
https://quote.eastmoney.com/unify/r/1.600880,600880,博瑞传播,教育,https://data.eastmoney.com/stockdata/600880.html,https://emweb.securities.eastmoney.com/pc_hsf10/pages/index.html?type=web&code=SH600880&color=b#/gsgg,https://emweb.securities.eastmoney.com/pc_hsf10/pages/index.html?type=web&code=SH600880&color=b#/gsgk
https://quote.eastmoney.com/unify/r/0.300414,300414,中光防雷,通信设备,https://data.eastmoney.com/stockdata/300414.html,https://emweb.securities.eastmoney.com/pc_hsf10/pages/index.html?type=web&code=SZ300414&color=b#/gsgg,https://emweb.securities.eastmoney.com/pc_hsf10/pages/index.html?type=web&code=SZ300414&color=b#/gsgk
https://quote.eastmoney.com/unify/r/0.002258,2258,利尔化学,农药兽药,https://data.eastmoney.com/stockdata/002258.html,https://emweb.securities.eastmoney.com/pc_hsf10/pages/index.html?type=web&code=SZ002258&color=b#/gsgg,https://emweb.securities.eastmoney.com/pc_hsf10/pages/index.html?type=web&code=SZ002258&color=b#/gsgk
https://quote.eastmoney.com/unify/r/0.301596,301596,瑞迪智驱,通用设备,https://data.eastmoney.com/stockdata/301596.html,https://emweb.securities.eastmoney.com/pc_hsf10/pages/index.html?type=web&code=SZ301596&color=b#/gsgg,https://emweb.securities.eastmoney.com/pc_hsf10/pages/index.html?type=web&code=SZ301596&color=b#/gsgk
https://quote.eastmoney.com/unify/r/1.688553,688553,汇宇制药...,化学制药,https://data.eastmoney.com/stockdata/688553.html,https://emweb.securities.eastmoney.com/pc_hsf10/pages/index.html?type=web&code=SH688553&color=b#/gsgg,https://emweb.securities.eastmoney.com/pc_hsf10/pages/index.html?type=web&code=SH688553&color=b#/gsgk
https://quote.eastmoney.com/unify/r/0.836239,836239,长虹能源,未知,https://data.eastmoney.com/stockdata/836239.html,https://emweb.securities.eastmoney.com/pc_hsf10/pages/index.html?type=web&code=BJ836239&color=b#/gsgg,https://emweb.securities.eastmoney.com/pc_hsf10/pages/index.html?type=web&code=BJ836239&color=b#/gsgk
https://quote.eastmoney.com/unify/r/0.002628,2628,成都路桥,工程建设,https://data.eastmoney.com/stockdata/002628.html,https://emweb.securities.eastmoney.com/pc_hsf10/pages/index.html?type=web&code=SZ002628&color=b#/gsgg,https://emweb.securities.eastmoney.com/pc_hsf10/pages/index.html?type=web&code=SZ002628&color=b#/gsgk
https://quote.eastmoney.com/unify/r/0.000912,912,泸天化,化肥行业,https://data.eastmoney.com/stockdata/000912.html,https://emweb.securities.eastmoney.com/pc_hsf10/pages/index.html?type=web&code=SZ000912&color=b#/gsgg,https://emweb.securities.eastmoney.com/pc_hsf10/pages/index.html?type=web&code=SZ000912&color=b#/gsgk
https://quote.eastmoney.com/unify/r/0.300471,300471,厚普股份,专用设备,https://data.eastmoney.com/stockdata/300471.html,https://emweb.securities.eastmoney.com/pc_hsf10/pages/index.html?type=web&code=SZ300471&color=b#/gsgg,https://emweb.securities.eastmoney.com/pc_hsf10/pages/index.html?type=web&code=SZ300471&color=b#/gsgk
https://quote.eastmoney.com/unify/r/0.833230,833230,欧康医药,未知,https://data.eastmoney.com/stockdata/833230.html,https://emweb.securities.eastmoney.com/pc_hsf10/pages/index.html?type=web&code=BJ833230&color=b#/gsgg,https://emweb.securities.eastmoney.com/pc_hsf10/pages/index.html?type=web&code=BJ833230&color=b#/gsgk
https://quote.eastmoney.com/unify/r/1.688513,688513,苑东生物,化学制药,https://data.eastmoney.com/stockdata/688513.html,https://emweb.securities.eastmoney.com/pc_hsf10/pages/index.html?type=web&code=SH688513&color=b#/gsgg,https://emweb.securities.eastmoney.com/pc_hsf10/pages/index.html?type=web&code=SH688513&color=b#/gsgk
https://quote.eastmoney.com/unify/r/1.688696,688696,极米科技,家电行业,https://data.eastmoney.com/stockdata/688696.html,https://emweb.securities.eastmoney.com/pc_hsf10/pages/index.html?type=web&code=SH688696&color=b#/gsgg,https://emweb.securities.eastmoney.com/pc_hsf10/pages/index.html?type=web&code=SH688696&color=b#/gsgk
https://quote.eastmoney.com/unify/r/1.603317,603317,天味食品,食品饮料,https://data.eastmoney.com/stockdata/603317.html,https://emweb.securities.eastmoney.com/pc_hsf10/pages/index.html?type=web&code=SH603317&color=b#/gsgg,https://emweb.securities.eastmoney.com/pc_hsf10/pages/index.html?type=web&code=SH603317&color=b#/gsgk
https://quote.eastmoney.com/unify/r/0.000558,558,莱茵体育,旅游酒店,https://data.eastmoney.com/stockdata/000558.html,https://emweb.securities.eastmoney.com/pc_hsf10/pages/index.html?type=web&code=SZ000558&color=b#/gsgg,https://emweb.securities.eastmoney.com/pc_hsf10/pages/index.html?type=web&code=SZ000558&color=b#/gsgk
https://quote.eastmoney.com/unify/r/0.000710,710,贝瑞基因,医疗器械,https://data.eastmoney.com/stockdata/000710.html,https://emweb.securities.eastmoney.com/pc_hsf10/pages/index.html?type=web&code=SZ000710&color=b#/gsgg,https://emweb.securities.eastmoney.com/pc_hsf10/pages/index.html?type=web&code=SZ000710&color=b#/gsgk
https://quote.eastmoney.com/unify/r/0.300540,300540,蜀道装备,专用设备,https://data.eastmoney.com/stockdata/300540.html,https://emweb.securities.eastmoney.com/pc_hsf10/pages/index.html?type=web&code=SZ300540&color=b#/gsgg,https://emweb.securities.eastmoney.com/pc_hsf10/pages/index.html?type=web&code=SZ300540&color=b#/gsgk
https://quote.eastmoney.com/unify/r/0.002272,2272,川润股份,工程机械,https://data.eastmoney.com/stockdata/002272.html,https://emweb.securities.eastmoney.com/pc_hsf10/pages/index.html?type=web&code=SZ002272&color=b#/gsgg,https://emweb.securities.eastmoney.com/pc_hsf10/pages/index.html?type=web&code=SZ002272&color=b#/gsgk
https://quote.eastmoney.com/unify/r/0.000810,810,创维数字,通信设备,https://data.eastmoney.com/stockdata/000810.html,https://emweb.securities.eastmoney.com/pc_hsf10/pages/index.html?type=web&code=SZ000810&color=b#/gsgg,https://emweb.securities.eastmoney.com/pc_hsf10/pages/index.html?type=web&code=SZ000810&color=b#/gsgk
https://quote.eastmoney.com/unify/r/0.002357,2357,富临运业,铁路公路,https://data.eastmoney.com/stockdata/002357.html,https://emweb.securities.eastmoney.com/pc_hsf10/pages/index.html?type=web&code=SZ002357&color=b#/gsgg,https://emweb.securities.eastmoney.com/pc_hsf10/pages/index.html?type=web&code=SZ002357&color=b#/gsgk
https://quote.eastmoney.com/unify/r/0.300101,300101,振芯科技,通信设备,https://data.eastmoney.com/stockdata/300101.html,https://emweb.securities.eastmoney.com/pc_hsf10/pages/index.html?type=web&code=SZ300101&color=b#/gsgg,https://emweb.securities.eastmoney.com/pc_hsf10/pages/index.html?type=web&code=SZ300101&color=b#/gsgk
https://quote.eastmoney.com/unify/r/0.300820,300820,英杰电气,电源设备,https://data.eastmoney.com/stockdata/300820.html,https://emweb.securities.eastmoney.com/pc_hsf10/pages/index.html?type=web&code=SZ300820&color=b#/gsgg,https://emweb.securities.eastmoney.com/pc_hsf10/pages/index.html?type=web&code=SZ300820&color=b#/gsgk
https://quote.eastmoney.com/unify/r/0.300249,300249,依米康,软件开发,https://data.eastmoney.com/stockdata/300249.html,https://emweb.securities.eastmoney.com/pc_hsf10/pages/index.html?type=web&code=SZ300249&color=b#/gsgg,https://emweb.securities.eastmoney.com/pc_hsf10/pages/index.html?type=web&code=SZ300249&color=b#/gsgk
https://quote.eastmoney.com/unify/r/1.688053,688053,思科瑞,电子元件,https://data.eastmoney.com/stockdata/688053.html,https://emweb.securities.eastmoney.com/pc_hsf10/pages/index.html?type=web&code=SH688053&color=b#/gsgg,https://emweb.securities.eastmoney.com/pc_hsf10/pages/index.html?type=web&code=SH688053&color=b#/gsgk
https://quote.eastmoney.com/unify/r/0.300559,300559,佳发教育,软件开发,https://data.eastmoney.com/stockdata/300559.html,https://emweb.securities.eastmoney.com/pc_hsf10/pages/index.html?type=web&code=SZ300559&color=b#/gsgg,https://emweb.securities.eastmoney.com/pc_hsf10/pages/index.html?type=web&code=SZ300559&color=b#/gsgk
https://quote.eastmoney.com/unify/r/0.300019,300019,硅宝科技,化学制品,https://data.eastmoney.com/stockdata/300019.html,https://emweb.securities.eastmoney.com/pc_hsf10/pages/index.html?type=web&code=SZ300019&color=b#/gsgg,https://emweb.securities.eastmoney.com/pc_hsf10/pages/index.html?type=web&code=SZ300019&color=b#/gsgk
https://quote.eastmoney.com/unify/r/1.600378,600378,昊华科技,化学制品,https://data.eastmoney.com/stockdata/600378.html,https://emweb.securities.eastmoney.com/pc_hsf10/pages/index.html?type=web&code=SH600378&color=b#/gsgg,https://emweb.securities.eastmoney.com/pc_hsf10/pages/index.html?type=web&code=SH600378&color=b#/gsgk
https://quote.eastmoney.com/unify/r/1.601811,601811,新华文轩,文化传媒,https://data.eastmoney.com/stockdata/601811.html,https://emweb.securities.eastmoney.com/pc_hsf10/pages/index.html?type=web&code=SH601811&color=b#/gsgg,https://emweb.securities.eastmoney.com/pc_hsf10/pages/index.html?type=web&code=SH601811&color=b#/gsgk
https://quote.eastmoney.com/unify/r/1.688636,688636,智明达,互联网服务,https://data.eastmoney.com/stockdata/688636.html,https://emweb.securities.eastmoney.com/pc_hsf10/pages/index.html?type=web&code=SH688636&color=b#/gsgg,https://emweb.securities.eastmoney.com/pc_hsf10/pages/index.html?type=web&code=SH688636&color=b#/gsgk
https://quote.eastmoney.com/unify/r/1.603027,603027,千禾味业,食品饮料,https://data.eastmoney.com/stockdata/603027.html,https://emweb.securities.eastmoney.com/pc_hsf10/pages/index.html?type=web&code=SH603027&color=b#/gsgg,https://emweb.securities.eastmoney.com/pc_hsf10/pages/index.html?type=web&code=SH603027&color=b#/gsgk
https://quote.eastmoney.com/unify/r/0.301117,301117,佳缘科技,软件开发,https://data.eastmoney.com/stockdata/301117.html,https://emweb.securities.eastmoney.com/pc_hsf10/pages/index.html?type=web&code=SZ301117&color=b#/gsgg,https://emweb.securities.eastmoney.com/pc_hsf10/pages/index.html?type=web&code=SZ301117&color=b#/gsgk
https://quote.eastmoney.com/unify/r/0.300366,300366,创意信息,软件开发,https://data.eastmoney.com/stockdata/300366.html,https://emweb.securities.eastmoney.com/pc_hsf10/pages/index.html?type=web&code=SZ300366&color=b#/gsgg,https://emweb.securities.eastmoney.com/pc_hsf10/pages/index.html?type=web&code=SZ300366&color=b#/gsgk
https://quote.eastmoney.com/unify/r/0.300492,300492,华图山鼎,工程咨询服务,https://data.eastmoney.com/stockdata/300492.html,https://emweb.securities.eastmoney.com/pc_hsf10/pages/index.html?type=web&code=SZ300492&color=b#/gsgg,https://emweb.securities.eastmoney.com/pc_hsf10/pages/index.html?type=web&code=SZ300492&color=b#/gsgk
https://quote.eastmoney.com/unify/r/0.001337,1337,四川黄金,贵金属,https://data.eastmoney.com/stockdata/001337.html,https://emweb.securities.eastmoney.com/pc_hsf10/pages/index.html?type=web&code=SZ001337&color=b#/gsgg,https://emweb.securities.eastmoney.com/pc_hsf10/pages/index.html?type=web&code=SZ001337&color=b#/gsgk
https://quote.eastmoney.com/unify/r/0.002926,2926,华西证券,证券,https://data.eastmoney.com/stockdata/002926.html,https://emweb.securities.eastmoney.com/pc_hsf10/pages/index.html?type=web&code=SZ002926&color=b#/gsgg,https://emweb.securities.eastmoney.com/pc_hsf10/pages/index.html?type=web&code=SZ002926&color=b#/gsgk
https://quote.eastmoney.com/unify/r/1.688297,688297,中无人机,航天航空,https://data.eastmoney.com/stockdata/688297.html,https://emweb.securities.eastmoney.com/pc_hsf10/pages/index.html?type=web&code=SH688297&color=b#/gsgg,https://emweb.securities.eastmoney.com/pc_hsf10/pages/index.html?type=web&code=SH688297&color=b#/gsgk
https://quote.eastmoney.com/unify/r/0.000757,757,浩物股份,汽车服务,https://data.eastmoney.com/stockdata/000757.html,https://emweb.securities.eastmoney.com/pc_hsf10/pages/index.html?type=web&code=SZ000757&color=b#/gsgg,https://emweb.securities.eastmoney.com/pc_hsf10/pages/index.html?type=web&code=SZ000757&color=b#/gsgk
https://quote.eastmoney.com/unify/r/0.001288,1288,运机集团,工程机械,https://data.eastmoney.com/stockdata/001288.html,https://emweb.securities.eastmoney.com/pc_hsf10/pages/index.html?type=web&code=SZ001288&color=b#/gsgg,https://emweb.securities.eastmoney.com/pc_hsf10/pages/index.html?type=web&code=SZ001288&color=b#/gsgk
https://quote.eastmoney.com/unify/r/0.002818,2818,富森美,商业百货,https://data.eastmoney.com/stockdata/002818.html,https://emweb.securities.eastmoney.com/pc_hsf10/pages/index.html?type=web&code=SZ002818&color=b#/gsgg,https://emweb.securities.eastmoney.com/pc_hsf10/pages/index.html?type=web&code=SZ002818&color=b#/gsgk
https://quote.eastmoney.com/unify/r/1.600828,600828,茂业商业,商业百货,https://data.eastmoney.com/stockdata/600828.html,https://emweb.securities.eastmoney.com/pc_hsf10/pages/index.html?type=web&code=SH600828&color=b#/gsgg,https://emweb.securities.eastmoney.com/pc_hsf10/pages/index.html?type=web&code=SH600828&color=b#/gsgk
https://quote.eastmoney.com/unify/r/0.300780,300780,德恩精工,通用设备,https://data.eastmoney.com/stockdata/300780.html,https://emweb.securities.eastmoney.com/pc_hsf10/pages/index.html?type=web&code=SZ300780&color=b#/gsgg,https://emweb.securities.eastmoney.com/pc_hsf10/pages/index.html?type=web&code=SZ300780&color=b#/gsgk
https://quote.eastmoney.com/unify/r/0.002240,2240,盛新锂能,能源金属,https://data.eastmoney.com/stockdata/002240.html,https://emweb.securities.eastmoney.com/pc_hsf10/pages/index.html?type=web&code=SZ002240&color=b#/gsgg,https://emweb.securities.eastmoney.com/pc_hsf10/pages/index.html?type=web&code=SZ002240&color=b#/gsgk
https://quote.eastmoney.com/unify/r/1.601107,601107,四川成渝,铁路公路,https://data.eastmoney.com/stockdata/601107.html,https://emweb.securities.eastmoney.com/pc_hsf10/pages/index.html?type=web&code=SH601107&color=b#/gsgg,https://emweb.securities.eastmoney.com/pc_hsf10/pages/index.html?type=web&code=SH601107&color=b#/gsgk
https://quote.eastmoney.com/unify/r/1.603077,603077,和邦生物,化学原料,https://data.eastmoney.com/stockdata/603077.html,https://emweb.securities.eastmoney.com/pc_hsf10/pages/index.html?type=web&code=SH603077&color=b#/gsgg,https://emweb.securities.eastmoney.com/pc_hsf10/pages/index.html?type=web&code=SH603077&color=b#/gsgk
https://quote.eastmoney.com/unify/r/0.300370,300370,安控科技,仪器仪表,https://data.eastmoney.com/stockdata/300370.html,https://emweb.securities.eastmoney.com/pc_hsf10/pages/index.html?type=web&code=SZ300370&color=b#/gsgg,https://emweb.securities.eastmoney.com/pc_hsf10/pages/index.html?type=web&code=SZ300370&color=b#/gsgk
https://quote.eastmoney.com/unify/r/1.601399,601399,国机重装,专用设备,https://data.eastmoney.com/stockdata/601399.html,https://emweb.securities.eastmoney.com/pc_hsf10/pages/index.html?type=web&code=SH601399&color=b#/gsgg,https://emweb.securities.eastmoney.com/pc_hsf10/pages/index.html?type=web&code=SH601399&color=b#/gsgk
https://quote.eastmoney.com/unify/r/1.603809,603809,豪能股份,汽车零部件,https://data.eastmoney.com/stockdata/603809.html,https://emweb.securities.eastmoney.com/pc_hsf10/pages/index.html?type=web&code=SH603809&color=b#/gsgg,https://emweb.securities.eastmoney.com/pc_hsf10/pages/index.html?type=web&code=SH603809&color=b#/gsgk
https://quote.eastmoney.com/unify/r/0.300467,300467,迅游科技,游戏,https://data.eastmoney.com/stockdata/300467.html,https://emweb.securities.eastmoney.com/pc_hsf10/pages/index.html?type=web&code=SZ300467&color=b#/gsgg,https://emweb.securities.eastmoney.com/pc_hsf10/pages/index.html?type=web&code=SZ300467&color=b#/gsgk
https://quote.eastmoney.com/unify/r/0.301172,301172,君逸数码,软件开发,https://data.eastmoney.com/stockdata/301172.html,https://emweb.securities.eastmoney.com/pc_hsf10/pages/index.html?type=web&code=SZ301172&color=b#/gsgg,https://emweb.securities.eastmoney.com/pc_hsf10/pages/index.html?type=web&code=SZ301172&color=b#/gsgk
https://quote.eastmoney.com/unify/r/1.600109,600109,国金证券,证券,https://data.eastmoney.com/stockdata/600109.html,https://emweb.securities.eastmoney.com/pc_hsf10/pages/index.html?type=web&code=SH600109&color=b#/gsgg,https://emweb.securities.eastmoney.com/pc_hsf10/pages/index.html?type=web&code=SH600109&color=b#/gsgk
https://quote.eastmoney.com/unify/r/1.603261,603261,立航科技,航天航空,https://data.eastmoney.com/stockdata/603261.html,https://emweb.securities.eastmoney.com/pc_hsf10/pages/index.html?type=web&code=SH603261&color=b#/gsgg,https://emweb.securities.eastmoney.com/pc_hsf10/pages/index.html?type=web&code=SH603261&color=b#/gsgk
https://quote.eastmoney.com/unify/r/1.600678,600678,四川金顶,水泥建材,https://data.eastmoney.com/stockdata/600678.html,https://emweb.securities.eastmoney.com/pc_hsf10/pages/index.html?type=web&code=SH600678&color=b#/gsgg,https://emweb.securities.eastmoney.com/pc_hsf10/pages/index.html?type=web&code=SH600678&color=b#/gsgk
https://quote.eastmoney.com/unify/r/0.300127,300127,银河磁体,小金属,https://data.eastmoney.com/stockdata/300127.html,https://emweb.securities.eastmoney.com/pc_hsf10/pages/index.html?type=web&code=SZ300127&color=b#/gsgg,https://emweb.securities.eastmoney.com/pc_hsf10/pages/index.html?type=web&code=SZ300127&color=b#/gsgk
https://quote.eastmoney.com/unify/r/0.002777,2777,久远银海,互联网服务,https://data.eastmoney.com/stockdata/002777.html,https://emweb.securities.eastmoney.com/pc_hsf10/pages/index.html?type=web&code=SZ002777&color=b#/gsgg,https://emweb.securities.eastmoney.com/pc_hsf10/pages/index.html?type=web&code=SZ002777&color=b#/gsgk
https://quote.eastmoney.com/unify/r/0.002366,2366,融发核电,电源设备,https://data.eastmoney.com/stockdata/002366.html,https://emweb.securities.eastmoney.com/pc_hsf10/pages/index.html?type=web&code=SZ002366&color=b#/gsgg,https://emweb.securities.eastmoney.com/pc_hsf10/pages/index.html?type=web&code=SZ002366&color=b#/gsgk
https://quote.eastmoney.com/unify/r/0.300092,300092,科新机电,通用设备,https://data.eastmoney.com/stockdata/300092.html,https://emweb.securities.eastmoney.com/pc_hsf10/pages/index.html?type=web&code=SZ300092&color=b#/gsgg,https://emweb.securities.eastmoney.com/pc_hsf10/pages/index.html?type=web&code=SZ300092&color=b#/gsgk
https://quote.eastmoney.com/unify/r/0.002935,2935,天奥电子,通信设备,https://data.eastmoney.com/stockdata/002935.html,https://emweb.securities.eastmoney.com/pc_hsf10/pages/index.html?type=web&code=SZ002935&color=b#/gsgg,https://emweb.securities.eastmoney.com/pc_hsf10/pages/index.html?type=web&code=SZ002935&color=b#/gsgk
https://quote.eastmoney.com/unify/r/1.600131,600131,国网信通,互联网服务,https://data.eastmoney.com/stockdata/600131.html,https://emweb.securities.eastmoney.com/pc_hsf10/pages/index.html?type=web&code=SH600131&color=b#/gsgg,https://emweb.securities.eastmoney.com/pc_hsf10/pages/index.html?type=web&code=SH600131&color=b#/gsgk
https://quote.eastmoney.com/unify/r/1.600353,600353,旭光电子,电子元件,https://data.eastmoney.com/stockdata/600353.html,https://emweb.securities.eastmoney.com/pc_hsf10/pages/index.html?type=web&code=SH600353&color=b#/gsgg,https://emweb.securities.eastmoney.com/pc_hsf10/pages/index.html?type=web&code=SH600353&color=b#/gsgk
https://quote.eastmoney.com/unify/r/0.002253,2253,川大智胜,软件开发,https://data.eastmoney.com/stockdata/002253.html,https://emweb.securities.eastmoney.com/pc_hsf10/pages/index.html?type=web&code=SZ002253&color=b#/gsgg,https://emweb.securities.eastmoney.com/pc_hsf10/pages/index.html?type=web&code=SZ002253&color=b#/gsgk
https://quote.eastmoney.com/unify/r/0.000628,628,高新发展,工程建设,https://data.eastmoney.com/stockdata/000628.html,https://emweb.securities.eastmoney.com/pc_hsf10/pages/index.html?type=web&code=SZ000628&color=b#/gsgg,https://emweb.securities.eastmoney.com/pc_hsf10/pages/index.html?type=web&code=SZ000628&color=b#/gsgk
https://quote.eastmoney.com/unify/r/1.603679,603679,华体科技,光学光电子,https://data.eastmoney.com/stockdata/603679.html,https://emweb.securities.eastmoney.com/pc_hsf10/pages/index.html?type=web&code=SH603679&color=b#/gsgg,https://emweb.securities.eastmoney.com/pc_hsf10/pages/index.html?type=web&code=SH603679&color=b#/gsgk
https://quote.eastmoney.com/unify/r/0.002268,2268,电科网安,软件开发,https://data.eastmoney.com/stockdata/002268.html,https://emweb.securities.eastmoney.com/pc_hsf10/pages/index.html?type=web&code=SZ002268&color=b#/gsgg,https://emweb.securities.eastmoney.com/pc_hsf10/pages/index.html?type=web&code=SZ002268&color=b#/gsgk
https://quote.eastmoney.com/unify/r/1.600644,600644,乐山电力,电力行业,https://data.eastmoney.com/stockdata/600644.html,https://emweb.securities.eastmoney.com/pc_hsf10/pages/index.html?type=web&code=SH600644&color=b#/gsgg,https://emweb.securities.eastmoney.com/pc_hsf10/pages/index.html?type=web&code=SH600644&color=b#/gsgk
https://quote.eastmoney.com/unify/r/1.603327,603327,福蓉科技,消费电子,https://data.eastmoney.com/stockdata/603327.html,https://emweb.securities.eastmoney.com/pc_hsf10/pages/index.html?type=web&code=SH603327&color=b#/gsgg,https://emweb.securities.eastmoney.com/pc_hsf10/pages/index.html?type=web&code=SH603327&color=b#/gsgk
https://quote.eastmoney.com/unify/r/0.002246,2246,北化股份,化学制品,https://data.eastmoney.com/stockdata/002246.html,https://emweb.securities.eastmoney.com/pc_hsf10/pages/index.html?type=web&code=SZ002246&color=b#/gsgg,https://emweb.securities.eastmoney.com/pc_hsf10/pages/index.html?type=web&code=SZ002246&color=b#/gsgk
https://quote.eastmoney.com/unify/r/1.688311,688311,盟升电子,通信设备,https://data.eastmoney.com/stockdata/688311.html,https://emweb.securities.eastmoney.com/pc_hsf10/pages/index.html?type=web&code=SH688311&color=b#/gsgg,https://emweb.securities.eastmoney.com/pc_hsf10/pages/index.html?type=web&code=SH688311&color=b#/gsgk
https://quote.eastmoney.com/unify/r/0.000629,629,钒钛股份,钢铁行业,https://data.eastmoney.com/stockdata/000629.html,https://emweb.securities.eastmoney.com/pc_hsf10/pages/index.html?type=web&code=SZ000629&color=b#/gsgg,https://emweb.securities.eastmoney.com/pc_hsf10/pages/index.html?type=web&code=SZ000629&color=b#/gsgk
https://quote.eastmoney.com/unify/r/0.002977,2977,天箭科技,通信设备,https://data.eastmoney.com/stockdata/002977.html,https://emweb.securities.eastmoney.com/pc_hsf10/pages/index.html?type=web&code=SZ002977&color=b#/gsgg,https://emweb.securities.eastmoney.com/pc_hsf10/pages/index.html?type=web&code=SZ002977&color=b#/gsgk
https://quote.eastmoney.com/unify/r/1.600839,600839,四川长虹,家电行业,https://data.eastmoney.com/stockdata/600839.html,https://emweb.securities.eastmoney.com/pc_hsf10/pages/index.html?type=web&code=SH600839&color=b#/gsgg,https://emweb.securities.eastmoney.com/pc_hsf10/pages/index.html?type=web&code=SH600839&color=b#/gsgk
https://quote.eastmoney.com/unify/r/0.301233,301233,盛帮股份,橡胶制品,https://data.eastmoney.com/stockdata/301233.html,https://emweb.securities.eastmoney.com/pc_hsf10/pages/index.html?type=web&code=SZ301233&color=b#/gsgg,https://emweb.securities.eastmoney.com/pc_hsf10/pages/index.html?type=web&code=SZ301233&color=b#/gsgk
https://quote.eastmoney.com/unify/r/1.688629,688629,华丰科技,电子元件,https://data.eastmoney.com/stockdata/688629.html,https://emweb.securities.eastmoney.com/pc_hsf10/pages/index.html?type=web&code=SH688629&color=b#/gsgg,https://emweb.securities.eastmoney.com/pc_hsf10/pages/index.html?type=web&code=SH688629&color=b#/gsgk
https://quote.eastmoney.com/unify/r/1.688117,688117,圣诺生物,化学制药,https://data.eastmoney.com/stockdata/688117.html,https://emweb.securities.eastmoney.com/pc_hsf10/pages/index.html?type=web&code=SH688117&color=b#/gsgg,https://emweb.securities.eastmoney.com/pc_hsf10/pages/index.html?type=web&code=SH688117&color=b#/gsgk
https://quote.eastmoney.com/unify/r/0.002023,2023,海特高新,航天航空,https://data.eastmoney.com/stockdata/002023.html,https://emweb.securities.eastmoney.com/pc_hsf10/pages/index.html?type=web&code=SZ002023&color=b#/gsgg,https://emweb.securities.eastmoney.com/pc_hsf10/pages/index.html?type=web&code=SZ002023&color=b#/gsgk
https://quote.eastmoney.com/unify/r/1.688511,688511,天微电子,电子元件,https://data.eastmoney.com/stockdata/688511.html,https://emweb.securities.eastmoney.com/pc_hsf10/pages/index.html?type=web&code=SH688511&color=b#/gsgg,https://emweb.securities.eastmoney.com/pc_hsf10/pages/index.html?type=web&code=SH688511&color=b#/gsgk
https://quote.eastmoney.com/unify/r/1.600979,600979,广安爱众,电力行业,https://data.eastmoney.com/stockdata/600979.html,https://emweb.securities.eastmoney.com/pc_hsf10/pages/index.html?type=web&code=SH600979&color=b#/gsgg,https://emweb.securities.eastmoney.com/pc_hsf10/pages/index.html?type=web&code=SH600979&color=b#/gsgk
https://quote.eastmoney.com/unify/r/1.688506,688506,百利天恒...,生物制品,https://data.eastmoney.com/stockdata/688506.html,https://emweb.securities.eastmoney.com/pc_hsf10/pages/index.html?type=web&code=SH688506&color=b#/gsgg,https://emweb.securities.eastmoney.com/pc_hsf10/pages/index.html?type=web&code=SH688506&color=b#/gsgk
https://quote.eastmoney.com/unify/r/0.000888,888,峨眉山Ａ,旅游酒店,https://data.eastmoney.com/stockdata/000888.html,https://emweb.securities.eastmoney.com/pc_hsf10/pages/index.html?type=web&code=SZ000888&color=b#/gsgg,https://emweb.securities.eastmoney.com/pc_hsf10/pages/index.html?type=web&code=SZ000888&color=b#/gsgk
https://quote.eastmoney.com/unify/r/0.002773,2773,康弘药业,化学制药,https://data.eastmoney.com/stockdata/002773.html,https://emweb.securities.eastmoney.com/pc_hsf10/pages/index.html?type=web&code=SZ002773&color=b#/gsgg,https://emweb.securities.eastmoney.com/pc_hsf10/pages/index.html?type=web&code=SZ002773&color=b#/gsgk
https://quote.eastmoney.com/unify/r/1.600674,600674,川投能源,电力行业,https://data.eastmoney.com/stockdata/600674.html,https://emweb.securities.eastmoney.com/pc_hsf10/pages/index.html?type=web&code=SH600674&color=b#/gsgg,https://emweb.securities.eastmoney.com/pc_hsf10/pages/index.html?type=web&code=SH600674&color=b#/gsgk
https://quote.eastmoney.com/unify/r/1.600392,600392,XD盛和资,小金属,https://data.eastmoney.com/stockdata/600392.html,https://emweb.securities.eastmoney.com/pc_hsf10/pages/index.html?type=web&code=SH600392&color=b#/gsgg,https://emweb.securities.eastmoney.com/pc_hsf10/pages/index.html?type=web&code=SH600392&color=b#/gsgk
https://quote.eastmoney.com/unify/r/0.000801,801,四川九洲,家电行业,https://data.eastmoney.com/stockdata/000801.html,https://emweb.securities.eastmoney.com/pc_hsf10/pages/index.html?type=web&code=SZ000801&color=b#/gsgg,https://emweb.securities.eastmoney.com/pc_hsf10/pages/index.html?type=web&code=SZ000801&color=b#/gsgk
https://quote.eastmoney.com/unify/r/0.300696,300696,爱乐达,航天航空,https://data.eastmoney.com/stockdata/300696.html,https://emweb.securities.eastmoney.com/pc_hsf10/pages/index.html?type=web&code=SZ300696&color=b#/gsgg,https://emweb.securities.eastmoney.com/pc_hsf10/pages/index.html?type=web&code=SZ300696&color=b#/gsgk
https://quote.eastmoney.com/unify/r/1.600505,600505,西昌电力,电力行业,https://data.eastmoney.com/stockdata/600505.html,https://emweb.securities.eastmoney.com/pc_hsf10/pages/index.html?type=web&code=SH600505&color=b#/gsgg,https://emweb.securities.eastmoney.com/pc_hsf10/pages/index.html?type=web&code=SH600505&color=b#/gsgk
https://quote.eastmoney.com/unify/r/1.600702,600702,舍得酒业,酿酒行业,https://data.eastmoney.com/stockdata/600702.html,https://emweb.securities.eastmoney.com/pc_hsf10/pages/index.html?type=web&code=SH600702&color=b#/gsgg,https://emweb.securities.eastmoney.com/pc_hsf10/pages/index.html?type=web&code=SH600702&color=b#/gsgk
https://quote.eastmoney.com/unify/r/1.600875,600875,东方电气,电源设备,https://data.eastmoney.com/stockdata/600875.html,https://emweb.securities.eastmoney.com/pc_hsf10/pages/index.html?type=web&code=SH600875&color=b#/gsgg,https://emweb.securities.eastmoney.com/pc_hsf10/pages/index.html?type=web&code=SH600875&color=b#/gsgk
https://quote.eastmoney.com/unify/r/0.002422,2422,科伦药业,化学制药,https://data.eastmoney.com/stockdata/002422.html,https://emweb.securities.eastmoney.com/pc_hsf10/pages/index.html?type=web&code=SZ002422&color=b#/gsgg,https://emweb.securities.eastmoney.com/pc_hsf10/pages/index.html?type=web&code=SZ002422&color=b#/gsgk
https://quote.eastmoney.com/unify/r/0.300678,300678,中科信息,互联网服务,https://data.eastmoney.com/stockdata/300678.html,https://emweb.securities.eastmoney.com/pc_hsf10/pages/index.html?type=web&code=SZ300678&color=b#/gsgg,https://emweb.securities.eastmoney.com/pc_hsf10/pages/index.html?type=web&code=SZ300678&color=b#/gsgk
https://quote.eastmoney.com/unify/r/0.300502,300502,新易盛,通信设备,https://data.eastmoney.com/stockdata/300502.html,https://emweb.securities.eastmoney.com/pc_hsf10/pages/index.html?type=web&code=SZ300502&color=b#/gsgg,https://emweb.securities.eastmoney.com/pc_hsf10/pages/index.html?type=web&code=SZ300502&color=b#/gsgk
https://quote.eastmoney.com/unify/r/1.600101,600101,明星电力,电力行业,https://data.eastmoney.com/stockdata/600101.html,https://emweb.securities.eastmoney.com/pc_hsf10/pages/index.html?type=web&code=SH600101&color=b#/gsgg,https://emweb.securities.eastmoney.com/pc_hsf10/pages/index.html?type=web&code=SH600101&color=b#/gsgk
https://quote.eastmoney.com/unify/r/1.600438,600438,通威股份,光伏设备,https://data.eastmoney.com/stockdata/600438.html,https://emweb.securities.eastmoney.com/pc_hsf10/pages/index.html?type=web&code=SH600438&color=b#/gsgg,https://emweb.securities.eastmoney.com/pc_hsf10/pages/index.html?type=web&code=SH600438&color=b#/gsgk
